{
    "[0.0, 0.0, 0.0], 0": -0.9826860789934373,
    "[0.0, 0.0, 0.0], 1": -0.9782434904338502,
    "[0.0, 0.0, 0.0], 2": -0.9826902494503474,
    "[0.0, 0.0, 0.0], 3": -0.9826878573897719,
    "[0.0, 0.0, 0.0], 4": -0.9826873711473828,
    "[0.0, 0.0, 0.0], 5": -0.9826897290396335,
    "[0.0, 0.0, 0.0], 6": -0.9826860652383345,
    "[0.0, 0.0, 0.0], 7": -0.9782439232561329,
    "[0.0, 0.0, 0.0], 8": -0.9826879006573592,
    "[0.0, 0.0, 0.0], 9": -0.9826894657029311,
    "[0.0, 0.0, 0.0], 10": -0.9826899384331793,
    "[0.0, 0.0, 0.0], 11": -0.9826899219670189,
    "[0.0, 0.0, 0.0], 12": -0.982686846135758,
    "[0.0, 0.0, 0.0], 13": -0.9826896598060101,
    "[0.0, 0.0, 0.0], 14": -0.9826897219978141,
    "[0.0, 0.0, 0.0], 15": -0.9826871221529399,
    "[0.0, 0.0, 0.0], 16": -0.982689654222842,
    "[0.0, 0.0, 0.0], 17": -0.9826897476898013,
    "[0.0, 0.0, 0.0], 18": -0.9782436552510789,
    "[0.0, 0.0, 0.0], 19": -0.9782435334436039,
    "[0.0, 0.0, 0.0], 20": -0.9826880839509856,
    "[0.0, 0.0, 0.0], 21": -0.9826896967325769,
    "[0.0, 0.0, 0.0], 22": -0.982689903438315,
    "[0.0, 0.0, 0.0], 23": -0.9826865317712868,
    "[0.0, 0.0, 0.0], 24": -0.9826899768208429,
    "[0.0, 0.0, 0.0], 25": -0.9826882162808461,
    "[0.0, 0.0, 0.0], 26": -0.9826890532676521,
    "[0.0, 0.0, 0.0], 27": -0.9782434695254308,
    "[0.0, 0.0, 0.0], 28": -0.9782438382316297,
    "[0.0, 0.0, 0.0], 29": -0.9826894078584726,
    "[0.0, 0.0, 0.0], 30": -0.9826873177598371,
    "[0.0, 0.0, 0.0], 31": -0.9826898149959142,
    "[0.0, 0.0, 0.0], 32": -0.9782439272197754,
    "[0.0, 0.0, 0.0], 33": -0.9826874424354299,
    "[0.0, 0.0, 0.0], 34": -0.982687261528467,
    "[0.0, 0.0, 0.0], 35": -0.9782435530634036,
    "[0.0, 0.0, 0.0], 36": -0.9826885538529402,
    "[0.0, 0.0, 0.0], 37": -0.9826890550890358,
    "[0.0, 0.0, 0.0], 38": -0.9826889113304864,
    "[0.0, 0.0, 0.0], 39": -0.9826902494213365,
    "[0.0, 0.0, 0.0], 40": -0.9826876281515006,
    "[0.0, 0.0, 0.0], 41": -0.982687251520268,
    "[0.0, 0.0, 0.0], 42": -0.9826879015383526,
    "[0.0, 0.0, 0.0], 43": -0.9826897994436629,
    "[0.0, 0.0, 0.0], 44": -0.9826872663406174,
    "[0.0, 0.0, 0.0], 45": -0.9826870817079166,
    "[0.0, 0.0, 0.0], 46": -0.9826874493619117,
    "[0.0, 0.0, 0.0], 47": -0.982689961087209,
    "[0.0, 0.0, 0.0], 48": -0.9826878337682452,
    "[0.0, 0.0, 0.0], 49": -0.9826875900562038,
    "[0.0, 0.0, 0.0], 50": -0.9826900091102542,
    "[0.0, 0.0, 0.0], 51": -0.982687548286468,
    "[0.0, 0.0, 0.0], 52": -0.9826893850981946,
    "[0.0, 0.0, 0.0], 53": -0.9826889887693001,
    "[0.0, 0.0, 0.0], 54": -0.9826877942401285,
    "[0.0, 0.0, 0.0], 55": -0.9826896418473288
}